{

"metadata" :
{
"formatVersion" : 3.1,
"generatedBy"   : "Blender 2.65 Exporter",
"vertices"      : 64,
"faces"         : 92,
"normals"       : 64,
"colors"        : 0,
"uvs"           : [133],
"materials"     : 1,
"morphTargets"  : 0,
"bones"         : 0
},

"scale" : 1.000000,

"materials" : [ {
"DbgColor" : 15658734,
"DbgIndex" : 0,
"DbgName" : "Material",
"blending" : "NormalBlending",
"colorAmbient" : [0.44769230556029527, 0.44769230556029527, 0.44769230556029527],
"colorDiffuse" : [0.44769230556029527, 0.44769230556029527, 0.44769230556029527],
"colorSpecular" : [0.0, 0.0, 0.0],
"depthTest" : true,
"depthWrite" : true,
"mapDiffuse" : "earth.jpg",
"mapNormalFactor" : -0.058823585510253906,
"mapNormalWrap" : ["repeat", "repeat"],
"shading" : "Phong",
"specularCoef" : 50,
"transparency" : 1.0,
"transparent" : false,
"vertexColors" : false
}],

"vertices" : [-1.37836e-07,-2.55512,-2.55512,-1.37836e-07,2.55512,-2.55512,0.498479,-2.55512,-2.50602,0.498479,2.55512,-2.50602,0.977802,-2.55512,-2.36062,0.977802,2.55512,-2.36062,1.41955,-2.55512,-2.1245,1.41955,2.55512,-2.1245,1.80674,-2.55512,-1.80674,1.80674,2.55512,-1.80674,2.1245,-2.55512,-1.41955,2.1245,2.55512,-1.41955,2.36062,-2.55512,-0.977801,2.36062,2.55512,-0.977801,2.50602,-2.55512,-0.498479,2.50602,2.55512,-0.498479,2.55512,-2.55512,4.14106e-07,2.55512,2.55512,1.90731e-07,2.50602,-2.55512,0.498479,2.50602,2.55512,0.498479,2.36062,-2.55512,0.977802,2.36062,2.55512,0.977802,2.1245,-2.55512,1.41955,2.1245,2.55512,1.41955,1.80674,-2.55512,1.80674,1.80674,2.55512,1.80674,1.41955,-2.55512,2.1245,1.41955,2.55512,2.1245,0.977801,-2.55512,2.36062,0.977801,2.55512,2.36062,0.498478,-2.55512,2.50602,0.498478,2.55512,2.50602,-9.68575e-07,-2.55512,2.55512,-9.68575e-07,2.55512,2.55512,-0.49848,-2.55512,2.50602,-0.49848,2.55512,2.50602,-0.977803,-2.55512,2.36062,-0.977803,2.55512,2.36062,-1.41955,-2.55512,2.1245,-1.41955,2.55512,2.1245,-1.80674,-2.55512,1.80674,-1.80674,2.55512,1.80674,-2.12451,-2.55512,1.41955,-2.12451,2.55512,1.41955,-2.36062,-2.55512,0.977801,-2.36062,2.55512,0.9778,-2.50602,-2.55512,0.498477,-2.50602,2.55512,0.498477,-2.55512,-2.55512,-1.86021e-06,-2.55512,2.55512,-2.08358e-06,-2.50602,-2.55512,-0.498481,-2.50602,2.55512,-0.498481,-2.36062,-2.55512,-0.977804,-2.36062,2.55512,-0.977804,-2.1245,-2.55512,-1.41955,-2.1245,2.55512,-1.41955,-1.80674,-2.55512,-1.80674,-1.80674,2.55512,-1.80674,-1.41955,-2.55512,-2.12451,-1.41955,2.55512,-2.12451,-0.977799,-2.55512,-2.36062,-0.977799,2.55512,-2.36062,-0.498475,-2.55512,-2.50602,-0.498475,2.55512,-2.50602],

"morphTargets" : [],

"normals" : [0,-0.68569,-0.727866,0,0.68569,-0.727866,0.142003,0.68569,-0.713889,0.142003,-0.68569,-0.713889,0.278542,0.68569,-0.672475,0.278542,-0.68569,-0.672475,0.40437,0.68569,-0.605213,0.40437,-0.68569,-0.605213,0.514664,0.68569,-0.514664,0.514664,-0.68569,-0.514664,0.605213,0.68569,-0.40437,0.605213,-0.68569,-0.40437,0.672475,0.68569,-0.278542,0.672475,-0.68569,-0.278542,0.713889,0.68569,-0.142003,0.713889,-0.68569,-0.142003,0.727866,0.68569,0,0.727866,-0.68569,0,0.713889,0.68569,0.142003,0.713889,-0.68569,0.142003,0.672475,0.68569,0.278542,0.672475,-0.68569,0.278542,0.605213,0.68569,0.40437,0.605213,-0.68569,0.40437,0.514664,0.68569,0.514664,0.514664,-0.68569,0.514664,0.40437,0.68569,0.605213,0.40437,-0.68569,0.605213,0.278542,0.68569,0.672475,0.278542,-0.68569,0.672475,0.142003,0.68569,0.713889,0.142003,-0.68569,0.713889,0,0.68569,0.727866,0,-0.68569,0.727866,-0.142003,0.68569,0.713889,-0.142003,-0.68569,0.713889,-0.278542,0.68569,0.672475,-0.278542,-0.68569,0.672475,-0.40437,0.68569,0.605213,-0.40437,-0.68569,0.605213,-0.514664,0.68569,0.514664,-0.514664,-0.68569,0.514664,-0.605213,0.68569,0.40437,-0.605213,-0.68569,0.40437,-0.672475,0.68569,0.278542,-0.672475,-0.68569,0.278542,-0.713889,0.68569,0.142003,-0.713889,-0.68569,0.142003,-0.727866,0.68569,0,-0.727866,-0.68569,0,-0.713889,0.68569,-0.142003,-0.713889,-0.68569,-0.142003,-0.672475,0.68569,-0.278542,-0.672475,-0.68569,-0.278542,-0.605213,0.68569,-0.40437,-0.605213,-0.68569,-0.40437,-0.514664,0.68569,-0.514695,-0.514664,-0.68569,-0.514695,-0.40437,0.68569,-0.605213,-0.40437,-0.68569,-0.605213,-0.278542,0.68569,-0.672475,-0.278542,-0.68569,-0.672475,-0.142003,0.68569,-0.713889,-0.142003,-0.68569,-0.713889],

"colors" : [],

"uvs" : [[0.595239,0.415587,0.593966,0.00043,0.633876,0.000307,0.63515,0.415464,0.671471,0.000192,0.672745,0.415349,0.705306,8.8e-05,0.70658,0.415245,0.73408,0,0.735354,0.415157,0.735354,0.417126,0.73408,0.832282,0.705306,0.832194,0.70658,0.417037,0.671472,0.83209,0.672745,0.416934,0.633877,0.831975,0.63515,0.416818,0.593966,0.831853,0.59524,0.416696,0.553274,0.831728,0.554547,0.416571,0.513363,0.831605,0.514637,0.416449,0.475768,0.83149,0.477042,0.416333,0.441933,0.831386,0.443207,0.41623,0.41316,0.831298,0.414433,0.416141,0.736627,0.832106,0.735354,0.416949,0.769188,0.416845,0.770462,0.832002,0.806783,0.41673,0.808057,0.831887,0.846694,0.416608,0.847967,0.831764,0.887386,0.416483,0.88866,0.83164,0.927297,0.41636,0.92857,0.831517,0.964892,0.416245,0.966165,0.831402,0.998726,0.416141,1,0.831298,0.998726,0,1,0.415157,0.966165,0.415261,0.964892,0.000104,0.92857,0.415376,0.927297,0.000219,0.88866,0.415498,0.887386,0.000342,0.847967,0.415623,0.846694,0.000466,0.808057,0.415746,0.806783,0.000589,0.770462,0.415861,0.769188,0.000704,0.736627,0.415965,0.735354,0.000808,0.41316,0.000985,0.441933,0.000896,0.443207,0.416053,0.475768,0.000793,0.477042,0.415949,0.513363,0.000677,0.514637,0.415834,0.226926,0.41316,0.266837,0.421098,0.304432,0.436671,0.338267,0.459278,0.186233,0.41316,0.367041,0.488053,0.146323,0.421098,0.389648,0.521887,0.108727,0.436671,0.405221,0.559482,0.074893,0.459279,0.41316,0.599393,0.046119,0.488053,0.41316,0.640086,0.023511,0.521887,0.405221,0.679997,0.007939,0.559483,0.389648,0.717592,0,0.599393,0.367041,0.751426,0,0.640086,0.338267,0.7802,0.007939,0.679997,0.304432,0.802808,0.023511,0.717592,0.266837,0.81838,0.046119,0.751427,0.226926,0.826319,0.074893,0.780201,0.186233,0.826319,0.108728,0.802808,0.146323,0.81838,0.554547,0.415711,0.553274,0.000555,0.304432,0.023511,0.338267,0.046119,0.367041,0.074893,0.266837,0.007939,0.389648,0.108728,0.226926,0,0.405221,0.146323,0.186233,0,0.41316,0.186234,0.146323,0.007939,0.41316,0.226926,0.108728,0.023511,0.405221,0.266837,0.074893,0.046119,0.389648,0.304432,0.046119,0.074893,0.367041,0.338267,0.023511,0.108728,0.338267,0.367041,0.007939,0.146323,0.304432,0.389649,0,0.186233,0.266837,0.405221,0,0.226926,0.007939,0.266837,0.023511,0.304432,0.146322,0.405221,0.046119,0.338267,0.108727,0.389648,0.074893,0.367041]],